{"cameraMode":{"drawMode":0,"name":"Shaded","section":"Shading Mode"},"sceneLighting":true,"audioPlay":false,"sceneViewState":{"showFog":true,"showMaterialUpdate":false,"showSkybox":true,"showFlares":true,"showImageEffects":true,"showParticleSystems":true},"in2DMode":false,"pivot":{"x":23.578350067138673,"y":-17.521692276000978,"z":14.162849426269532},"rotation":{"x":-0.17031338810920716,"y":0.04284810647368431,"z":-0.00740737933665514,"w":-0.9844372272491455},"size":52.8466796875,"orthographic":false}