{"cameraMode":{"drawMode":0,"name":"Shaded","section":"Shading Mode"},"sceneLighting":true,"audioPlay":false,"sceneViewState":{"showFog":true,"showMaterialUpdate":false,"showSkybox":true,"showFlares":true,"showImageEffects":true,"showParticleSystems":true},"in2DMode":false,"pivot":{"x":481.36688232421877,"y":376.0594482421875,"z":37.24853515625},"rotation":{"x":0.007809814531356096,"y":0.0005953640793450177,"z":1.1071603722712098e-7,"w":0.9999775886535645},"size":399.3779296875,"orthographic":false}