{"cameraMode":{"drawMode":0,"name":"Shaded","section":"Shading Mode"},"sceneLighting":false,"audioPlay":false,"sceneViewState":{"showFog":true,"showMaterialUpdate":false,"showSkybox":false,"showFlares":true,"showImageEffects":true,"showParticleSystems":true},"in2DMode":false,"pivot":{"x":3.4149999618530275,"y":5.625,"z":0.29343634843826296},"rotation":{"x":-0.25821933150291445,"y":0.03042309731245041,"z":-0.008135279640555382,"w":-0.9655779600143433},"size":4.920100688934326,"orthographic":false}